Index,Combined,Type,Nato Designation,Pennant No.,Name,Name,Commissioned,Tons,Fleet,Status
406,"Xia Type 092 submarine Name: Changzheng 6/长征6, Commisioned:1987, Tons:8000, Fleet:Varies",Type 092 submarine,Xia class,406,Changzheng 6,长征6,1987,8000,Varies,Active
407,"Shang Type 093/093A/B Nuclear attack submarine (SSN) Name: Changzheng 7/长征7, Commisioned:2006 or later, Tons:7000, Fleet:Varies",Type 093/093A/B Nuclear attack submarine (SSN),Shang,407,Changzheng 7,长征7,2006 or later,7000,Varies,
408,"Shang Type 093/093A/B Nuclear attack submarine (SSN) Name: Changzheng 8/长征8, Commisioned:2006 or later, Tons:7000, Fleet:Varies",Type 093/093A/B Nuclear attack submarine (SSN),Shang,408,Changzheng 8,长征8,2006 or later,7000,Varies,
409,"Jin Type 094 / 094A Nuclear Ballistic Missile Submarine (SSBN) Name: Changzheng 9/长征9, Commisioned:2007 or later, Tons:11500, Fleet:Varies",Type 094 / 094A Nuclear Ballistic Missile Submarine (SSBN),Jin,409,Changzheng 9,长征9,2007 or later,11500,Varies,
410,"Jin Type 094 / 094A Nuclear Ballistic Missile Submarine (SSBN) Name: Changzheng 10/长征10, Commisioned:2007 or later, Tons:11500, Fleet:Varies",Type 094 / 094A Nuclear Ballistic Missile Submarine (SSBN),Jin,410,Changzheng 10,长征10,2007 or later,11500,Varies,
411,"Jin Type 094 / 094A Nuclear Ballistic Missile Submarine (SSBN) Name: Changzheng 11/长征11, Commisioned:2007 or later, Tons:11500, Fleet:Varies",Type 094 / 094A Nuclear Ballistic Missile Submarine (SSBN),Jin,411,Changzheng 11,长征11,2007 or later,11500,Varies,
412,"Jin Type 094 / 094A Nuclear Ballistic Missile Submarine (SSBN) Name: Changzheng 12/长征12, Commisioned:2007 or later, Tons:11500, Fleet:Varies",Type 094 / 094A Nuclear Ballistic Missile Submarine (SSBN),Jin,412,Changzheng 12,长征12,2007 or later,11500,Varies,
413,"Shang Type 093/093A/B Nuclear attack submarine (SSN) Name: Changzheng 13/长征13, Commisioned:2006 or later, Tons:7000, Fleet:Varies",Type 093/093A/B Nuclear attack submarine (SSN),Shang,413,Changzheng 13,长征13,2006 or later,7000,Varies,
414,"Shang Type 093/093A/B Nuclear attack submarine (SSN) Name: Changzheng 14/长征14, Commisioned:2006 or later, Tons:7000, Fleet:Varies",Type 093/093A/B Nuclear attack submarine (SSN),Shang,414,Changzheng 14,长征14,2006 or later,7000,Varies,
415,"Shang Type 093/093A/B Nuclear attack submarine (SSN) Name: Changzheng 15/长征15, Commisioned:2006 or later, Tons:7000, Fleet:Varies",Type 093/093A/B Nuclear attack submarine (SSN),Shang,415,Changzheng 15,长征15,2006 or later,7000,Varies,
416,"Shang Type 093/093A/B Nuclear attack submarine (SSN) Name: Changzheng 16/长征16, Commisioned:2006 or later, Tons:7000, Fleet:Varies",Type 093/093A/B Nuclear attack submarine (SSN),Shang,416,Changzheng 16,长征16,2006 or later,7000,Varies,
417,"Shang Type 093/093A/B Nuclear attack submarine (SSN) Name: Changzheng 17/长征17, Commisioned:2006 or later, Tons:7000, Fleet:Varies",Type 093/093A/B Nuclear attack submarine (SSN),Shang,417,Changzheng 17,长征17,2006 or later,7000,Varies,
418,"Shang Type 093/093A/B Nuclear attack submarine (SSN) Name: Changzheng 18/长征18, Commisioned:2006 or later, Tons:7000, Fleet:Varies",Type 093/093A/B Nuclear attack submarine (SSN),Shang,418,Changzheng 18,长征18,2006 or later,7000,Varies,
419,"Shang Type 093/093A/B Nuclear attack submarine (SSN) Name: Changzheng 19/长征19, Commisioned:2006 or later, Tons:7000, Fleet:Varies",Type 093/093A/B Nuclear attack submarine (SSN),Shang,419,Changzheng 19,长征19,2006 or later,7000,Varies,
420,"Jin Type 094 / 094A Nuclear Ballistic Missile Submarine (SSBN) Name: Changzheng 20/长征20, Commisioned:2007 or later, Tons:11500, Fleet:Varies",Type 094 / 094A Nuclear Ballistic Missile Submarine (SSBN),Jin,420,Changzheng 20,长征20,2007 or later,11500,Varies,
421,"Jin Type 094 / 094A Nuclear Ballistic Missile Submarine (SSBN) Name: Changzheng 21/长征21, Commisioned:2007 or later, Tons:11500, Fleet:Varies",Type 094 / 094A Nuclear Ballistic Missile Submarine (SSBN),Jin,421,Changzheng 21,长征21,2007 or later,11500,Varies,
403,"Han Type 091 Nuclear attack submarine (SSN) Name: Changzheng 3/长征3, Commisioned:1984, Tons:5500, Fleet:Varies",Type 091 Nuclear attack submarine (SSN),Han,403,Changzheng 3,长征3,1984,5500,Varies,
404,"Han Type 091 Nuclear attack submarine (SSN) Name: Changzheng 4/长征4, Commisioned:1988, Tons:5500, Fleet:Varies",Type 091 Nuclear attack submarine (SSN),Han,404,Changzheng 4,长征4,1988,5500,Varies,
405,"Han Type 091 Nuclear attack submarine (SSN) Name: Changzheng 5/长征5, Commisioned:1991, Tons:5500, Fleet:Varies",Type 091 Nuclear attack submarine (SSN),Han,405,Changzheng 5,长征5,1991,5500,Varies,
16,"Liaoning Type 001 Aircraft Carrier Name: Liaoning/辽宁, Commisioned:2012, Tons:54500, Fleet:North Sea Fleet",Type 001 Aircraft Carrier,Liaoning,16,Liaoning,辽宁,2012,54500,North Sea Fleet,
0," Type 075 landing helicopter dock Name: /, Commisioned:2019 est, Tons:40000, Fleet:Eastern Fleet",Type 075 landing helicopter dock,,,,,2019 est,40000,Eastern Fleet,Fitting Out
0,"Yubei Type 074A landing ship Name: Approx. 10 in service/, Commisioned:1995-, Tons:800, Fleet:Varies",Type 074A landing ship,Yubei class,,Approx. 10 in service,,1995-,800,Varies,Active
990,"Yudeng Type 073III landing ship Name: /, Commisioned:1991, Tons:1850, Fleet:Varies",Type 073III landing ship,Yudeng class,990,,,1991,1850,Varies,Active
0,"Yuhai Type 074 landing ship Name: Approx. 12 in service/, Commisioned:1995-, Tons:800, Fleet:Varies",Type 074 landing ship,Yuhai class,,Approx. 12 in service,,1995-,800,Varies,Active
927,"Yukan Type 072 landing ship Name: Yuntai Shan/云台山, Commisioned:1978, Tons:4170, Fleet:East Sea Fleet",Type 072 landing ship,Yukan class,927,Yuntai Shan,云台山,1978,4170,East Sea Fleet,Active
928,"Yukan Type 072 landing ship Name: Wufeng Shan/五峰山, Commisioned:1980, Tons:4170, Fleet:East Sea Fleet",Type 072 landing ship,Yukan class,928,Wufeng Shan,五峰山,1980,4170,East Sea Fleet,Active
929,"Yukan Type 072 landing ship Name: Zijin Shan/紫金山, Commisioned:1982, Tons:4170, Fleet:East Sea Fleet",Type 072 landing ship,Yukan class,929,Zijin Shan,紫金山,1982,4170,East Sea Fleet,Active
0,"Yunshu Type 073A landing ship Name: Approx. 10 in service/, Commisioned:2000-2002, Tons:2000, Fleet:Varies",Type 073A landing ship,Yunshu class,,Approx. 10 in service,,2000-2002,2000,Varies,Active
930,"Yuting Type 072II landing ship Name: Lingyan Shan/灵岩山, Commisioned:<1995, Tons:4170, Fleet:East Sea Fleet",Type 072II landing ship,Yuting class,930,Lingyan Shan,灵岩山,<1995,4170,East Sea Fleet,Active
931,"Yuting Type 072II landing ship Name: Dongting Shan/洞庭山, Commisioned:<1995, Tons:4170, Fleet:South Sea Fleet",Type 072II landing ship,Yuting class,931,Dongting Shan,洞庭山,<1995,4170,South Sea Fleet,Active
932,"Yuting Type 072II landing ship Name: Helan Shan/贺兰山, Commisioned:<1995, Tons:4170, Fleet:South Sea Fleet",Type 072II landing ship,Yuting class,932,Helan Shan,贺兰山,<1995,4170,South Sea Fleet,Active
933,"Yuting Type 072II landing ship Name: Liupan Shan/六盘山, Commisioned:1995, Tons:4170, Fleet:South Sea Fleet",Type 072II landing ship,Yuting class,933,Liupan Shan,六盘山,1995,4170,South Sea Fleet,Active
991,"Yuting II Type 072III landing ship Name: Emei Shan/峨眉山, Commisioned:1992, Tons:4800, Fleet:South Sea Fleet",Type 072III landing ship,Yuting II class,991,Emei Shan,峨眉山,1992,4800,South Sea Fleet,Active
934,"Yuting II Type 072III landing ship Name: Danxia Shan/丹霞山, Commisioned:1995, Tons:4800, Fleet:East Sea Fleet",Type 072III landing ship,Yuting II class,934,Danxia Shan,丹霞山,1995,4800,East Sea Fleet,Active
935,"Yuting II Type 072III landing ship Name: Xuefeng Shan/雪峰山, Commisioned:1995, Tons:4800, Fleet:East Sea Fleet",Type 072III landing ship,Yuting II class,935,Xuefeng Shan,雪峰山,1995,4800,East Sea Fleet,Active
936,"Yuting II Type 072III landing ship Name: Haiyang Shan/海洋山, Commisioned:1996, Tons:4800, Fleet:East Sea Fleet",Type 072III landing ship,Yuting II class,936,Haiyang Shan,海洋山,1996,4800,East Sea Fleet,Active
937,"Yuting II Type 072III landing ship Name: Qingcheng Shan/青城山, Commisioned:1996, Tons:4800, Fleet:East Sea Fleet",Type 072III landing ship,Yuting II class,937,Qingcheng Shan,青城山,1996,4800,East Sea Fleet,Active
908,"Yuting II Type 072III landing ship Name: Yandang Shan/雁荡山, Commisioned:1997, Tons:4800, Fleet:North Sea Fleet",Type 072III landing ship,Yuting II class,908,Yandang Shan,雁荡山,1997,4800,North Sea Fleet,Active
909,"Yuting II Type 072III landing ship Name: Jiuhua Shan/九华山, Commisioned:2000, Tons:4800, Fleet:North Sea Fleet",Type 072III landing ship,Yuting II class,909,Jiuhua Shan,九华山,2000,4800,North Sea Fleet,Active
939,"Yuting II Type 072III landing ship Name: Putuo Shan/普陀山, Commisioned:2000, Tons:4800, Fleet:East Sea Fleet",Type 072III landing ship,Yuting II class,939,Putuo Shan,普陀山,2000,4800,East Sea Fleet,Active
910,"Yuting II Type 072III landing ship Name: Huanggang Shan/黄岗山, Commisioned:2001, Tons:4800, Fleet:North Sea Fleet",Type 072III landing ship,Yuting II class,910,Huanggang Shan,黄岗山,2001,4800,North Sea Fleet,Active
940,"Yuting II Type 072III landing ship Name: Tiantai Shan/天台山, Commisioned:2002, Tons:4800, Fleet:East Sea Fleet",Type 072III landing ship,Yuting II class,940,Tiantai Shan,天台山,2002,4800,East Sea Fleet,Active
911,"Yuting III Type 072A landing ship Name: Tianzhu Shan/天柱山, Commisioned:2003, Tons:4800, Fleet:North Sea Fleet",Type 072A landing ship,Yuting III class,911,Tianzhu Shan,天柱山,2003,4800,North Sea Fleet,Active
912,"Yuting III Type 072A landing ship Name: Daqing Shan/大青山, Commisioned:2003, Tons:4800, Fleet:North Sea Fleet",Type 072A landing ship,Yuting III class,912,Daqing Shan,大青山,2003,4800,North Sea Fleet,Active
913,"Yuting III Type 072A landing ship Name: Baxian Shan/八仙山, Commisioned:2003, Tons:4800, Fleet:East Sea Fleet",Type 072A landing ship,Yuting III class,913,Baxian Shan,八仙山,2003,4800,East Sea Fleet,Active
992,"Yuting III Type 072A landing ship Name: Huading Shan/华顶山, Commisioned:2003, Tons:4800, Fleet:South Sea Fleet",Type 072A landing ship,Yuting III class,992,Huading Shan,华顶山,2003,4800,South Sea Fleet,Active
993,"Yuting III Type 072A landing ship Name: Luoxiao Shan/罗宵山, Commisioned:2004, Tons:4800, Fleet:South Sea Fleet",Type 072A landing ship,Yuting III class,993,Luoxiao Shan,罗宵山,2004,4800,South Sea Fleet,Active
994,"Yuting III Type 072A landing ship Name: Daiyun Shan/戴云山, Commisioned:2004, Tons:4800, Fleet:South Sea Fleet",Type 072A landing ship,Yuting III class,994,Daiyun Shan,戴云山,2004,4800,South Sea Fleet,Active
995,"Yuting III Type 072A landing ship Name: Wanyang Shan/万羊山, Commisioned:2004, Tons:4800, Fleet:South Sea Fleet",Type 072A landing ship,Yuting III class,995,Wanyang Shan,万羊山,2004,4800,South Sea Fleet,Active
996,"Yuting III Type 072A landing ship Name: Laotie Shan/老铁山, Commisioned:2005, Tons:4800, Fleet:South Sea Fleet",Type 072A landing ship,Yuting III class,996,Laotie Shan,老铁山,2005,4800,South Sea Fleet,Active
997,"Yuting III Type 072A landing ship Name: Lühua Shan/绿华山, Commisioned:2004, Tons:4800, Fleet:South Sea Fleet",Type 072A landing ship,Yuting III class,997,Lühua Shan,绿华山,2004,4800,South Sea Fleet,Active
981,"Yuting III Type 072A landing ship Name: Dabie Shan/大别山, Commisioned:2015, Tons:4800, Fleet:East Sea Fleet",Type 072A landing ship,Yuting III class,981,Dabie Shan,大别山,2015,4800,East Sea Fleet,Active
982,"Yuting III Type 072A landing ship Name: Taihang Shan/太行山, Commisioned:2015, Tons:4800, Fleet:Varies",Type 072A landing ship,Yuting III class,982,Taihang Shan,太行山,2015,4800,Varies,Active
916,"Yuting III Type 072A landing ship Name: Tianmu Shan/天目山, Commisioned:2016, Tons:4800, Fleet:East Sea Fleet",Type 072A landing ship,Yuting III class,916,Tianmu Shan,天目山,2016,4800,East Sea Fleet,Active
914,"Yuting III Type 072A landing ship Name: Wuyi Shan/武夷山, Commisioned:2016, Tons:4800, Fleet:Varies",Type 072A landing ship,Yuting III class,914,Wuyi Shan,武夷山,2016,4800,Varies,Active
915,"Yuting III Type 072A landing ship Name: Culai Shan/徂徕山, Commisioned:2016, Tons:4800, Fleet:Varies",Type 072A landing ship,Yuting III class,915,Culai Shan,徂徕山,2016,4800,Varies,Active
917,"Yuting III Type 072A landing ship Name: Wutai Shan/五台山, Commisioned:2016, Tons:4800, Fleet:Varies",Type 072A landing ship,Yuting III class,917,Wutai Shan,五台山,2016,4800,Varies,Active
998,"Yuzhao Type 071 amphibious transport dock Name: Kunlun Shan/昆仑山, Commisioned:2007, Tons:25000, Fleet:South Sea Fleet",Type 071 amphibious transport dock,Yuzhao class,998,Kunlun Shan,昆仑山,2007,25000,South Sea Fleet,Active
999,"Yuzhao Type 071 amphibious transport dock Name: Jinggang Shan/井冈山, Commisioned:2011, Tons:25000, Fleet:South Sea Fleet",Type 071 amphibious transport dock,Yuzhao class,999,Jinggang Shan,井冈山,2011,25000,South Sea Fleet,Active
989,"Yuzhao Type 071 amphibious transport dock Name: Changbai Shan/长白山, Commisioned:2012, Tons:25000, Fleet:South Sea Fleet",Type 071 amphibious transport dock,Yuzhao class,989,Changbai Shan,长白山,2012,25000,South Sea Fleet,Active
988,"Yuzhao Type 071 amphibious transport dock Name: Yimen Shan/沂蒙山, Commisioned:2016, Tons:25000, Fleet:East Sea Fleet",Type 071 amphibious transport dock,Yuzhao class,988,Yimen Shan,沂蒙山,2016,25000,East Sea Fleet,Active
980,"Yuzhao Type 071 amphibious transport dock Name: Longhu Shan/龙虎山, Commisioned:2018, Tons:25000, Fleet:East Sea Fleet",Type 071 amphibious transport dock,Yuzhao class,980,Longhu Shan,龙虎山,2018,25000,East Sea Fleet,Active
987,"Yuzhao Type 071 amphibious transport dock Name: Wuzhi Shan/五指山, Commisioned:2019, Tons:25000, Fleet:South Sea Fleet",Type 071 amphibious transport dock,Yuzhao class,987,Wuzhi Shan,五指山,2019,25000,South Sea Fleet,Active
986,"Yuzhao Type 071 amphibious transport dock Name: /, Commisioned:2019 est, Tons:25000, Fleet:Varies",Type 071 amphibious transport dock,Yuzhao class,986,,,2019 est,25000,Varies,Fitting Out
165,"Luda Type 051 destroyer Name: Zhanjiang/湛江, Commisioned:1989, Tons:3670, Fleet:South Sea Fleet",Type 051 destroyer,Luda class,165,Zhanjiang,湛江,1989,3670,South Sea Fleet,Active
166,"Luda Type 051 destroyer Name: Zhuhai/珠海, Commisioned:1991, Tons:3670, Fleet:South Sea Fleet",Type 051 destroyer,Luda class,166,Zhuhai,珠海,1991,3670,South Sea Fleet,Active
167,"Luhai Type 051B destroyer Name: Shenzhen/深圳, Commisioned:1999, Tons:6100, Fleet:South Sea Fleet",Type 051B destroyer,Luhai class,167,Shenzhen,深圳,1999,6100,South Sea Fleet,Active
112,"Luhu Type 052 destroyer Name: Harbin/哈尔滨, Commisioned:1994, Tons:4800, Fleet:North Sea Fleet",Type 052 destroyer,Luhu class,112,Harbin,哈尔滨,1994,4800,North Sea Fleet,Active
113,"Luhu Type 052 destroyer Name: Qingdao/青岛, Commisioned:1996, Tons:4800, Fleet:North Sea Fleet",Type 052 destroyer,Luhu class,113,Qingdao,青岛,1996,4800,North Sea Fleet,Active
168,"Luyang I Type 052B destroyer Name: Guangzhou/广州, Commisioned:2004, Tons:5900, Fleet:South Sea Fleet",Type 052B destroyer,Luyang I class,168,Guangzhou,广州,2004,5900,South Sea Fleet,Active
169,"Luyang I Type 052B destroyer Name: Wuhan/武汉, Commisioned:2004, Tons:5900, Fleet:South Sea Fleet",Type 052B destroyer,Luyang I class,169,Wuhan,武汉,2004,5900,South Sea Fleet,Active
170,"Luyang II Type 052C destroyer Name: Lanzhou/兰州, Commisioned:2004, Tons:6300, Fleet:South Sea Fleet",Type 052C destroyer,Luyang II class,170,Lanzhou,兰州,2004,6300,South Sea Fleet,Active
171,"Luyang II Type 052C destroyer Name: Haikou/海口, Commisioned:2005, Tons:6300, Fleet:South Sea Fleet",Type 052C destroyer,Luyang II class,171,Haikou,海口,2005,6300,South Sea Fleet,Active
150,"Luyang II Type 052C destroyer Name: Changchun/长春, Commisioned:2013, Tons:6500, Fleet:East Sea Fleet",Type 052C destroyer,Luyang II class,150,Changchun,长春,2013,6500,East Sea Fleet,Active
151,"Luyang II Type 052C destroyer Name: Zhengzhou/郑州, Commisioned:2013, Tons:6500, Fleet:East Sea Fleet",Type 052C destroyer,Luyang II class,151,Zhengzhou,郑州,2013,6500,East Sea Fleet,Active
152,"Luyang II Type 052C destroyer Name: Jinan/济南, Commisioned:2014, Tons:6500, Fleet:East Sea Fleet",Type 052C destroyer,Luyang II class,152,Jinan,济南,2014,6500,East Sea Fleet,Active
153,"Luyang II Type 052C destroyer Name: Xi'an/西安, Commisioned:2015, Tons:6500, Fleet:East Sea Fleet",Type 052C destroyer,Luyang II class,153,Xi'an,西安,2015,6500,East Sea Fleet,Active
172,"Luyang III Type 052D destroyer Name: Kunming/昆明, Commisioned:2014, Tons:7500, Fleet:South Sea Fleet",Type 052D destroyer,Luyang III class,172,Kunming,昆明,2014,7500,South Sea Fleet,Active
173,"Luyang III Type 052D destroyer Name: Changsha/长沙, Commisioned:2015, Tons:7500, Fleet:South Sea Fleet",Type 052D destroyer,Luyang III class,173,Changsha,长沙,2015,7500,South Sea Fleet,Active
174,"Luyang III Type 052D destroyer Name: Hefei/合肥, Commisioned:2015, Tons:7500, Fleet:South Sea Fleet",Type 052D destroyer,Luyang III class,174,Hefei,合肥,2015,7500,South Sea Fleet,Active
175,"Luyang III Type 052D destroyer Name: Yinchuan/银川, Commisioned:2016, Tons:7500, Fleet:South Sea Fleet",Type 052D destroyer,Luyang III class,175,Yinchuan,银川,2016,7500,South Sea Fleet,Active
117,"Luyang III Type 052D destroyer Name: Xining/西宁, Commisioned:2017, Tons:7500, Fleet:North Sea Fleet",Type 052D destroyer,Luyang III class,117,Xining,西宁,2017,7500,North Sea Fleet,Active
154,"Luyang III Type 052D destroyer Name: Xiamen/厦门, Commisioned:2017, Tons:7500, Fleet:East Sea Fleet",Type 052D destroyer,Luyang III class,154,Xiamen,厦门,2017,7500,East Sea Fleet,Active
118,"Luyang III Type 052D destroyer Name: Urumqi/乌鲁木齐, Commisioned:2018, Tons:7500, Fleet:North Sea Fleet",Type 052D destroyer,Luyang III class,118,Urumqi,乌鲁木齐,2018,7500,North Sea Fleet,Active
155,"Luyang III Type 052D destroyer Name: Nanjing/南京, Commisioned:2018, Tons:7500, Fleet:East Sea Fleet",Type 052D destroyer,Luyang III class,155,Nanjing,南京,2018,7500,East Sea Fleet,Active
131,"Luyang III Type 052D destroyer Name: Taiyuan/太原, Commisioned:2018, Tons:7500, Fleet:East Sea Fleet",Type 052D destroyer,Luyang III class,131,Taiyuan,太原,2018,7500,East Sea Fleet,Active
161,"Luyang III Type 052D destroyer Name: Hohhot/呼和浩特, Commisioned:2019, Tons:7500, Fleet:South Sea Fleet",Type 052D destroyer,Luyang III class,161,Hohhot,呼和浩特,2019,7500,South Sea Fleet,Active
119,"Luyang III Type 052D destroyer Name: Guiyang/贵阳, Commisioned:2019, Tons:7500, Fleet:North Sea Fleet",Type 052D destroyer,Luyang III class,119,Guiyang,贵阳,2019,7500,North Sea Fleet,Active
120,"Luyang III Type 052D destroyer Name: Chengdu/成都, Commisioned:2019, Tons:7500, Fleet:North Sea Fleet",Type 052D destroyer,Luyang III class,120,Chengdu,成都,2019,7500,North Sea Fleet,Active
121,"Luyang III Type 052D destroyer Name: Qiqihar/齐齐哈尔, Commisioned:2019 est., Tons:7500, Fleet:East Sea Fleet",Type 052D destroyer,Luyang III class,121,Qiqihar,齐齐哈尔,2019 est.,7500,East Sea Fleet,Sea trials
162,"Luyang III Type 052D destroyer Name: Nanning/南宁, Commisioned:2020 est., Tons:7500, Fleet:Varies",Type 052D destroyer,Luyang III class,162,Nanning,南宁,2020 est.,7500,Varies,Fitting out
132,"Luyang III Type 052D destroyer Name: Zibo/淄博, Commisioned:2020 est., Tons:7500, Fleet:Varies",Type 052D destroyer,Luyang III class,132,Zibo,淄博,2020 est.,7500,Varies,Fitting out
0,"Luyang III Type 052D destroyer Name: /, Commisioned:2020 est, Tons:7500, Fleet:Varies",Type 052D destroyer,Luyang III class,,,,2020 est,7500,Varies,Fitting out
0,"Luyang III Type 052D destroyer Name: /, Commisioned:2020 est, Tons:7500, Fleet:Varies",Type 052D destroyer,Luyang III class,,,,2020 est,7500,Varies,Fitting out
0,"Luyang III Type 052D destroyer Name: /, Commisioned:2021 est, Tons:7500, Fleet:Varies",Type 052D destroyer,Luyang III class,,,,2021 est,7500,Varies,Fitting out
0,"Luyang III Type 052D destroyer Name: /, Commisioned:2021 est, Tons:7500, Fleet:Varies",Type 052D destroyer,Luyang III class,,,,2021 est,7500,Varies,Fitting out
0,"Luyang III Type 052D destroyer Name: /, Commisioned:2021 est, Tons:7500, Fleet:Varies",Type 052D destroyer,Luyang III class,,,,2021 est,7500,Varies,Fitting out
115,"Luzhou Type 051C destroyer Name: Shenyang/沈阳, Commisioned:2006, Tons:7100, Fleet:North Sea Fleet",Type 051C destroyer,Luzhou class,115,Shenyang,沈阳,2006,7100,North Sea Fleet,Active
116,"Luzhou Type 051C destroyer Name: Shijiazhuang/石家庄, Commisioned:2007, Tons:7100, Fleet:North Sea Fleet",Type 051C destroyer,Luzhou class,116,Shijiazhuang,石家庄,2007,7100,North Sea Fleet,Active
101,"Renhai Type 055 destroyer Name: Nanchang/南昌, Commisioned:2019, Tons:12000+, Fleet:South Sea Fleet",Type 055 destroyer,Renhai class,101,Nanchang,南昌,2019,12000+,South Sea Fleet,Active
0,"Renhai Type 055 destroyer Name: /, Commisioned:2020 est., Tons:12000+, Fleet:Varies",Type 055 destroyer,Renhai class,,,,2020 est.,12000+,Varies,Sea Trial
0,"Renhai Type 055 destroyer Name: /, Commisioned:2020 est., Tons:12000+, Fleet:Varies",Type 055 destroyer,Renhai class,,,,2020 est.,12000+,Varies,Fitting Out
0,"Renhai Type 055 destroyer Name: /, Commisioned:2020 est., Tons:12000+, Fleet:Varies",Type 055 destroyer,Renhai class,,,,2020 est.,12000+,Varies,Fitting Out
0,"Renhai Type 055 destroyer Name: /, Commisioned:2021 est, Tons:12000+, Fleet:Varies",Type 055 destroyer,Renhai class,,,,2021 est,12000+,Varies,Fitting Out
136,"Sovremenny Type 956 Name: Hangzhou/杭州, Commisioned:1999, Tons:7900, Fleet:East Sea Fleet",Type 956,Sovremenny-class destroyer,136,Hangzhou,杭州,1999,7900,East Sea Fleet,Active
137,"Sovremenny Type 957 Name: Fuzhou/福州, Commisioned:2000, Tons:7900, Fleet:East Sea Fleet",Type 957,Sovremenny-class destroyer,137,Fuzhou,福州,2000,7900,East Sea Fleet,Active
138,"Sovremenny Type 958 Name: Taizhou/泰州, Commisioned:2006, Tons:7900, Fleet:East Sea Fleet",Type 958,Sovremenny-class destroyer,138,Taizhou,泰州,2006,7900,East Sea Fleet,Active
139,"Sovremenny Type 959 Name: Ningbo/宁波, Commisioned:2006, Tons:7900, Fleet:East Sea Fleet",Type 959,Sovremenny-class destroyer,139,Ningbo,宁波,2006,7900,East Sea Fleet,Active
543,"Jianghu Type 053H1 frigate Name: Dandong/丹东, Commisioned:1985, Tons:2000, Fleet:South Sea Fleet",Type 053H1 frigate,Jianghu class,543,Dandong,丹东,1985,2000,South Sea Fleet,Active
553,"Jianghu Type 053H1 frigate Name: Shaoguan/韶关, Commisioned:1985, Tons:2000, Fleet:South Sea Fleet",Type 053H1 frigate,Jianghu class,553,Shaoguan,韶关,1985,2000,South Sea Fleet,Active
555,"Jianghu Type 053H1 frigate Name: Zhaotong/昭通, Commisioned:1987, Tons:2000, Fleet:South Sea Fleet",Type 053H1 frigate,Jianghu class,555,Zhaotong,昭通,1987,2000,South Sea Fleet,Active
558,"Jianghu Type 053H1G frigate Name: Beihai/北海, Commisioned:1993, Tons:2000, Fleet:East Sea Fleet",Type 053H1G frigate,Jianghu class,558,Beihai,北海,1993,2000,East Sea Fleet,Active
560,"Jianghu Type 053H1G frigate Name: Dongguan/东莞, Commisioned:1993, Tons:2000, Fleet:East Sea Fleet",Type 053H1G frigate,Jianghu class,560,Dongguan,东莞,1993,2000,East Sea Fleet,Active
561,"Jianghu Type 053H1G frigate Name: Shantou/汕头, Commisioned:1993, Tons:2000, Fleet:East Sea Fleet",Type 053H1G frigate,Jianghu class,561,Shantou,汕头,1993,2000,East Sea Fleet,Active
559,"Jianghu Type 053H1G frigate Name: Foshan/佛山, Commisioned:1994, Tons:2000, Fleet:East Sea Fleet",Type 053H1G frigate,Jianghu class,559,Foshan,佛山,1994,2000,East Sea Fleet,Active
562,"Jianghu Type 053H1G frigate Name: Jiangmen/江门, Commisioned:1995, Tons:2000, Fleet:East Sea Fleet",Type 053H1G frigate,Jianghu class,562,Jiangmen,江门,1995,2000,East Sea Fleet,Active
563,"Jianghu Type 053H1G frigate Name: Zhaoqing/肇庆, Commisioned:1995, Tons:2000, Fleet:East Sea Fleet",Type 053H1G frigate,Jianghu class,563,Zhaoqing,肇庆,1995,2000,East Sea Fleet,Active
525,"Jiangkai I Type 054 frigate Name: Ma'anshan/马鞍山, Commisioned:2005, Tons:3900, Fleet:East Sea Fleet",Type 054 frigate,Jiangkai I class,525,Ma'anshan,马鞍山,2005,3900,East Sea Fleet,Active
526,"Jiangkai I Type 054 frigate Name: Wenzhou/温州, Commisioned:2005, Tons:3900, Fleet:East Sea Fleet",Type 054 frigate,Jiangkai I class,526,Wenzhou,温州,2005,3900,East Sea Fleet,Active
530,"Jiangkai II Type 054A frigate Name: Xuzhou/徐州, Commisioned:2008, Tons:4200, Fleet:East Sea Fleet",Type 054A frigate,Jiangkai II class,530,Xuzhou,徐州,2008,4200,East Sea Fleet,Active
529,"Jiangkai II Type 054A frigate Name: Zhoushan/舟山, Commisioned:2008, Tons:4200, Fleet:East Sea Fleet",Type 054A frigate,Jiangkai II class,529,Zhoushan,舟山,2008,4200,East Sea Fleet,Active
570,"Jiangkai II Type 054A frigate Name: Huangshan/黄山, Commisioned:2008, Tons:4200, Fleet:South Sea Fleet",Type 054A frigate,Jiangkai II class,570,Huangshan,黄山,2008,4200,South Sea Fleet,Active
568,"Jiangkai II Type 054A frigate Name: Hengyang/衡阳, Commisioned:2008, Tons:4200, Fleet:South Sea Fleet",Type 054A frigate,Jiangkai II class,568,Hengyang,衡阳,2008,4200,South Sea Fleet,Active
571,"Jiangkai II Type 054A frigate Name: Yuncheng/运城, Commisioned:2010, Tons:4200, Fleet:South Sea Fleet",Type 054A frigate,Jiangkai II class,571,Yuncheng,运城,2010,4200,South Sea Fleet,Active
569,"Jiangkai II Type 054A frigate Name: Yulin/玉林, Commisioned:2010, Tons:4200, Fleet:South Sea Fleet",Type 054A frigate,Jiangkai II class,569,Yulin,玉林,2010,4200,South Sea Fleet,Active
548,"Jiangkai II Type 054A frigate Name: Yiyang/益阳, Commisioned:2010, Tons:4200, Fleet:East Sea Fleet",Type 054A frigate,Jiangkai II class,548,Yiyang,益阳,2010,4200,East Sea Fleet,Active
549,"Jiangkai II Type 054A frigate Name: Changzhou/常州, Commisioned:2011, Tons:4200, Fleet:East Sea Fleet",Type 054A frigate,Jiangkai II class,549,Changzhou,常州,2011,4200,East Sea Fleet,Active
538,"Jiangkai II Type 054A frigate Name: Yantai/烟台, Commisioned:2011, Tons:4200, Fleet:North Sea Fleet",Type 054A frigate,Jiangkai II class,538,Yantai,烟台,2011,4200,North Sea Fleet,Active
546,"Jiangkai II Type 054A frigate Name: Yancheng/盐城, Commisioned:2012, Tons:4200, Fleet:North Sea Fleet",Type 054A frigate,Jiangkai II class,546,Yancheng,盐城,2012,4200,North Sea Fleet,Active
572,"Jiangkai II Type 054A frigate Name: Hengshui/衡水, Commisioned:2012, Tons:4200, Fleet:South Sea Fleet",Type 054A frigate,Jiangkai II class,572,Hengshui,衡水,2012,4200,South Sea Fleet,Active
573,"Jiangkai II Type 054A frigate Name: Liuzhou/柳州, Commisioned:2012, Tons:4200, Fleet:South Sea Fleet",Type 054A frigate,Jiangkai II class,573,Liuzhou,柳州,2012,4200,South Sea Fleet,Active
547,"Jiangkai II Type 054A frigate Name: Linyi/临沂, Commisioned:2012, Tons:4200, Fleet:North Sea Fleet",Type 054A frigate,Jiangkai II class,547,Linyi,临沂,2012,4200,North Sea Fleet,Active
575,"Jiangkai II Type 054A frigate Name: Yueyang/岳阳, Commisioned:2013, Tons:4200, Fleet:South Sea Fleet",Type 054A frigate,Jiangkai II class,575,Yueyang,岳阳,2013,4200,South Sea Fleet,Active
550,"Jiangkai II Type 054A frigate Name: Weifang/潍坊, Commisioned:2013, Tons:4200, Fleet:North Sea Fleet",Type 054A frigate,Jiangkai II class,550,Weifang,潍坊,2013,4200,North Sea Fleet,Active
574,"Jiangkai II Type 054A frigate Name: Sanya/三亚, Commisioned:2013, Tons:4200, Fleet:South Sea Fleet",Type 054A frigate,Jiangkai II class,574,Sanya,三亚,2013,4200,South Sea Fleet,Active
577,"Jiangkai II Type 054A frigate Name: Huanggang/黄冈, Commisioned:2015, Tons:4200, Fleet:East Sea Fleet",Type 054A frigate,Jiangkai II class,577,Huanggang,黄冈,2015,4200,East Sea Fleet,Active
576,"Jiangkai II Type 054A frigate Name: Daqing/大庆, Commisioned:2015, Tons:4200, Fleet:North Sea Fleet",Type 054A frigate,Jiangkai II class,576,Daqing,大庆,2015,4200,North Sea Fleet,Active
578,"Jiangkai II Type 054A frigate Name: Yangzhou/扬州, Commisioned:2015, Tons:4200, Fleet:East Sea Fleet",Type 054A frigate,Jiangkai II class,578,Yangzhou,扬州,2015,4200,East Sea Fleet,Active
579,"Jiangkai II Type 054A frigate Name: Handan/邯郸, Commisioned:2015, Tons:4200, Fleet:North Sea Fleet",Type 054A frigate,Jiangkai II class,579,Handan,邯郸,2015,4200,North Sea Fleet,Active
532,"Jiangkai II Type 054A frigate Name: Jingzhou/荆州, Commisioned:2016, Tons:4200, Fleet:East Sea Fleet",Type 054A frigate,Jiangkai II class,532,Jingzhou,荆州,2016,4200,East Sea Fleet,Active
531,"Jiangkai II Type 054A frigate Name: Xiangtan/湘潭, Commisioned:2016, Tons:4200, Fleet:East Sea Fleet",Type 054A frigate,Jiangkai II class,531,Xiangtan,湘潭,2016,4200,East Sea Fleet,Active
515,"Jiangkai II Type 054A frigate Name: Binzhou/滨州, Commisioned:2016, Tons:4200, Fleet:East Sea Fleet",Type 054A frigate,Jiangkai II class,515,Binzhou,滨州,2016,4200,East Sea Fleet,Active
536,"Jiangkai II Type 054A frigate Name: Xuchang/许昌, Commisioned:2017, Tons:4200, Fleet:South Sea Fleet",Type 054A frigate,Jiangkai II class,536,Xuchang,许昌,2017,4200,South Sea Fleet,Active
539,"Jiangkai II Type 054A frigate Name: Wuhu/芜湖, Commisioned:2017, Tons:4200, Fleet:North Sea Fleet",Type 054A frigate,Jiangkai II class,539,Wuhu,芜湖,2017,4200,North Sea Fleet,Active
598,"Jiangkai II Type 054A frigate Name: Rizhao/日照, Commisioned:2018, Tons:4200, Fleet:North Sea Fleet",Type 054A frigate,Jiangkai II class,598,Rizhao,日照,2018,4200,North Sea Fleet,Active
599,"Jiangkai II Type 054A frigate Name: Anyang/安阳, Commisioned:2018, Tons:4200, Fleet:East Sea Fleet",Type 054A frigate,Jiangkai II class,599,Anyang,安阳,2018,4200,East Sea Fleet,Active
500,"Jiangkai II Type 054A frigate Name: Xianning/咸宁, Commisioned:2018, Tons:4200, Fleet:South Sea Fleet",Type 054A frigate,Jiangkai II class,500,Xianning,咸宁,2018,4200,South Sea Fleet,Active
601,"Jiangkai II Type 054A frigate Name: Nantong/南通, Commisioned:2019, Tons:4200, Fleet:East Sea Fleet",Type 054A frigate,Jiangkai II class,601,Nantong,南通,2019,4200,East Sea Fleet,Active
542,"Jiangkai II Type 054A frigate Name: Zaozhuang/枣庄, Commisioned:2019, Tons:4200, Fleet:North Sea Fleet",Type 054A frigate,Jiangkai II class,542,Zaozhuang,枣庄,2019,4200,North Sea Fleet,Active
523,"Jiangwei II Type 053H3 frigate Name: Putian/蒲田, Commisioned:1999, Tons:2400, Fleet:East Sea Fleet",Type 053H3 frigate,Jiangwei II class,523,Putian,蒲田,1999,2400,East Sea Fleet,Active
564,"Jiangwei II Type 053H3 frigate Name: Yichang/宜昌, Commisioned:1999, Tons:2400, Fleet:North Sea Fleet",Type 053H3 frigate,Jiangwei II class,564,Yichang,宜昌,1999,2400,North Sea Fleet,Active
565,"Jiangwei II Type 053H3 frigate Name: Huludao/葫芦岛, Commisioned:2000, Tons:2400, Fleet:North Sea Fleet",Type 053H3 frigate,Jiangwei II class,565,Huludao,葫芦岛,2000,2400,North Sea Fleet,Active
524,"Jiangwei II Type 053H3 frigate Name: Sanming/三明, Commisioned:2000, Tons:2400, Fleet:East Sea Fleet",Type 053H3 frigate,Jiangwei II class,524,Sanming,三明,2000,2400,East Sea Fleet,Active
567,"Jiangwei II Type 053H3 frigate Name: Xiangyang/襄阳, Commisioned:2002, Tons:2400, Fleet:East Sea Fleet",Type 053H3 frigate,Jiangwei II class,567,Xiangyang,襄阳,2002,2400,East Sea Fleet,Active
566,"Jiangwei II Type 053H3 frigate Name: Huaihua/怀化, Commisioned:2002, Tons:2400, Fleet:East Sea Fleet",Type 053H3 frigate,Jiangwei II class,566,Huaihua,怀化,2002,2400,East Sea Fleet,Active
527,"Jiangwei II Type 053H3 frigate Name: Luoyang/洛阳, Commisioned:2005, Tons:2400, Fleet:South Sea Fleet",Type 053H3 frigate,Jiangwei II class,527,Luoyang,洛阳,2005,2400,South Sea Fleet,Active
528,"Jiangwei II Type 053H3 frigate Name: Mianyang/绵阳, Commisioned:2005, Tons:2400, Fleet:South Sea Fleet",Type 053H3 frigate,Jiangwei II class,528,Mianyang,绵阳,2005,2400,South Sea Fleet,Active
591,"Jiangdao Type 056 corvette Name: Fushun/抚顺, Commisioned:2014, Tons:1440, Fleet:North Sea Fleet",Type 056 corvette,Jiangdao class,591,Fushun,抚顺,2014,1440,North Sea Fleet,Active
588,"Jiangdao Type 056 corvette Name: Quanzhou/泉州, Commisioned:2014, Tons:1440, Fleet:East Sea Fleet",Type 056 corvette,Jiangdao class,588,Quanzhou,泉州,2014,1440,East Sea Fleet,Active
595,"Jiangdao Type 056 corvette Name: Chaozhou/潮州, Commisioned:2014, Tons:1440, Fleet:East Sea Fleet",Type 056 corvette,Jiangdao class,595,Chaozhou,潮州,2014,1440,East Sea Fleet,Active
503,"Jiangdao Type 056 corvette Name: Suzhou/宿州, Commisioned:2015, Tons:1440, Fleet:East Sea Fleet",Type 056 corvette,Jiangdao class,503,Suzhou,宿州,2015,1440,East Sea Fleet,Active
501,"Jiangdao Type 056 corvette Name: Xinyang/信阳, Commisioned:2015, Tons:1440, Fleet:North Sea Fleet",Type 056 corvette,Jiangdao class,501,Xinyang,信阳,2015,1440,North Sea Fleet,Active
509,"Jiangdao Type 056 corvette Name: Huaian/淮安, Commisioned:2016, Tons:1440, Fleet:East Sea Fleet",Type 056 corvette,Jiangdao class,509,Huaian,淮安,2016,1440,East Sea Fleet,Active
512,"Jiangdao Type 056 corvette Name: Heze/菏泽, Commisioned:2016, Tons:1440, Fleet:East Sea Fleet",Type 056 corvette,Jiangdao class,512,Heze,菏泽,2016,1440,East Sea Fleet,Active
511,"Jiangdao Type 056 corvette Name: Baoding/保定, Commisioned:2016, Tons:1440, Fleet:East Sea Fleet",Type 056 corvette,Jiangdao class,511,Baoding,保定,2016,1440,East Sea Fleet,Active
510,"Jiangdao Type 056 corvette Name: Ningde/宁德, Commisioned:2016, Tons:1440, Fleet:East Sea Fleet",Type 056 corvette,Jiangdao class,510,Ningde,宁德,2016,1440,East Sea Fleet,Active
502,"Jiangdao Type 056A corvette Name: Huangshi/黄石, Commisioned:2015, Tons:1440, Fleet:North Sea Fleet",Type 056A corvette,Jiangdao class,502,Huangshi,黄石,2015,1440,North Sea Fleet,Active
593,"Jiangdao Type 056A corvette Name: Sanmenxia/三门峡, Commisioned:2014, Tons:1440, Fleet:East Sea Fleet",Type 056A corvette,Jiangdao class,593,Sanmenxia,三门峡,2014,1440,East Sea Fleet,Active
594,"Jiangdao Type 056A corvette Name: Zhuzou/株洲, Commisioned:2014, Tons:1440, Fleet:East Sea Fleet",Type 056A corvette,Jiangdao class,594,Zhuzou,株洲,2014,1440,East Sea Fleet,Active
504,"Jiangdao Type 056A corvette Name: Suqian/宿迁, Commisioned:2015, Tons:1440, Fleet:South Sea Fleet",Type 056A corvette,Jiangdao class,504,Suqian,宿迁,2015,1440,South Sea Fleet,Active
505,"Jiangdao Type 056A corvette Name: Qinhuangdao/秦皇岛, Commisioned:2015, Tons:1440, Fleet:North Sea Fleet",Type 056A corvette,Jiangdao class,505,Qinhuangdao,秦皇岛,2015,1440,North Sea Fleet,Active
506,"Jiangdao Type 056A corvette Name: Jingmen/荆门, Commisioned:2016, Tons:1440, Fleet:South Sea Fleet",Type 056A corvette,Jiangdao class,506,Jingmen,荆门,2016,1440,South Sea Fleet,Active
507,"Jiangdao Type 056A corvette Name: Tongren/铜仁, Commisioned:2016, Tons:1440, Fleet:East Sea Fleet",Type 056A corvette,Jiangdao class,507,Tongren,铜仁,2016,1440,East Sea Fleet,Active
508,"Jiangdao Type 056A corvette Name: Qujing/曲靖, Commisioned:2016, Tons:1440, Fleet:South Sea Fleet",Type 056A corvette,Jiangdao class,508,Qujing,曲靖,2016,1440,South Sea Fleet,Active
513,"Jiangdao Type 056A corvette Name: Ezhou/鄂州, Commisioned:2017, Tons:1440, Fleet:East Sea Fleet",Type 056A corvette,Jiangdao class,513,Ezhou,鄂州,2017,1440,East Sea Fleet,Active
514,"Jiangdao Type 056A corvette Name: Liupanshui/六盘水, Commisioned:2017, Tons:1440, Fleet:South Sea Fleet",Type 056A corvette,Jiangdao class,514,Liupanshui,六盘水,2017,1440,South Sea Fleet,Active
520,"Jiangdao Type 056A corvette Name: Hanzhong/汉中, Commisioned:2017, Tons:1440, Fleet:South Sea Fleet",Type 056A corvette,Jiangdao class,520,Hanzhong,汉中,2017,1440,South Sea Fleet,Active
518,"Jiangdao Type 056A corvette Name: Yiwu/义乌, Commisioned:2017, Tons:1440, Fleet:East Sea Fleet",Type 056A corvette,Jiangdao class,518,Yiwu,义乌,2017,1440,East Sea Fleet,Active
535,"Jiangdao Type 056A corvette Name: Xuancheng/宣城, Commisioned:2017, Tons:1440, Fleet:East Sea Fleet",Type 056A corvette,Jiangdao class,535,Xuancheng,宣城,2017,1440,East Sea Fleet,Active
556,"Jiangdao Type 056A corvette Name: Yichun/宜春, Commisioned:2017, Tons:1440, Fleet:East Sea Fleet",Type 056A corvette,Jiangdao class,556,Yichun,宜春,2017,1440,East Sea Fleet,Active
552,"Jiangdao Type 056A corvette Name: Guangyuan/广元, Commisioned:2017, Tons:1440, Fleet:South Sea Fleet",Type 056A corvette,Jiangdao class,552,Guangyuan,广元,2017,1440,South Sea Fleet,Active
551,"Jiangdao Type 056A corvette Name: Suining/遂宁, Commisioned:2017, Tons:1440, Fleet:South Sea Fleet",Type 056A corvette,Jiangdao class,551,Suining,遂宁,2017,1440,South Sea Fleet,Active
540,"Jiangdao Type 056A corvette Name: Wuhai/乌海, Commisioned:2018, Tons:1440, Fleet:North Sea Fleet",Type 056A corvette,Jiangdao class,540,Wuhai,乌海,2018,1440,North Sea Fleet,Active
541,"Jiangdao Type 056A corvette Name: Zhangye/张掖, Commisioned:2018, Tons:1440, Fleet:North Sea Fleet",Type 056A corvette,Jiangdao class,541,Zhangye,张掖,2018,1440,North Sea Fleet,Active
554,"Jiangdao Type 056A corvette Name: Deyang/德阳, Commisioned:2018, Tons:1440, Fleet:East Sea Fleet",Type 056A corvette,Jiangdao class,554,Deyang,德阳,2018,1440,East Sea Fleet,Active
557,"Jiangdao Type 056A corvette Name: Nanchong/南充, Commisioned:2018, Tons:1440, Fleet:South Sea Fleet",Type 056A corvette,Jiangdao class,557,Nanchong,南充,2018,1440,South Sea Fleet,Active
582,"Jiangdao Type 056 corvette Name: Bengbu/蚌埠, Commisioned:2013, Tons:1440, Fleet:East Sea Fleet",Type 056 corvette,Jiangdao class,582,Bengbu,蚌埠,2013,1440,East Sea Fleet,Active
580,"Jiangdao Type 056 corvette Name: Datong/大同, Commisioned:2013, Tons:1440, Fleet:North Sea Fleet",Type 056 corvette,Jiangdao class,580,Datong,大同,2013,1440,North Sea Fleet,Active
583,"Jiangdao Type 056 corvette Name: Shangrao/上饶, Commisioned:2013, Tons:1440, Fleet:East Sea Fleet",Type 056 corvette,Jiangdao class,583,Shangrao,上饶,2013,1440,East Sea Fleet,Active
596,"Jiangdao Type 056 corvette Name: Huizhou/惠州, Commisioned:2013, Tons:1440, Fleet:Hong Kong",Type 056 corvette,Jiangdao class,596,Huizhou,惠州,2013,1440,Hong Kong,Active
597,"Jiangdao Type 056 corvette Name: Qinzhou/钦州, Commisioned:2013, Tons:1440, Fleet:Hong Kong",Type 056 corvette,Jiangdao class,597,Qinzhou,钦州,2013,1440,Hong Kong,Active
584,"Jiangdao Type 056 corvette Name: Meizhou/梅州, Commisioned:2013, Tons:1440, Fleet:South Sea Fleet",Type 056 corvette,Jiangdao class,584,Meizhou,梅州,2013,1440,South Sea Fleet,Active
581,"Jiangdao Type 056 corvette Name: Yingkou/营口, Commisioned:2013, Tons:1440, Fleet:North Sea Fleet",Type 056 corvette,Jiangdao class,581,Yingkou,营口,2013,1440,North Sea Fleet,Active
585,"Jiangdao Type 056 corvette Name: Baise/百色, Commisioned:2013, Tons:1440, Fleet:South Sea Fleet",Type 056 corvette,Jiangdao class,585,Baise,百色,2013,1440,South Sea Fleet,Active
586,"Jiangdao Type 056 corvette Name: Ji'an/吉安, Commisioned:2014, Tons:1440, Fleet:East Sea Fleet",Type 056 corvette,Jiangdao class,586,Ji'an,吉安,2014,1440,East Sea Fleet,Active
587,"Jiangdao Type 056 corvette Name: Jieyang/揭阳, Commisioned:2014, Tons:1440, Fleet:East Sea Fleet",Type 056 corvette,Jiangdao class,587,Jieyang,揭阳,2014,1440,East Sea Fleet,Active
590,"Jiangdao Type 056 corvette Name: Weihai/威海, Commisioned:2014, Tons:1440, Fleet:North Sea Fleet",Type 056 corvette,Jiangdao class,590,Weihai,威海,2014,1440,North Sea Fleet,Active
592,"Jiangdao Type 056 corvette Name: Luzhou/泸州, Commisioned:2014, Tons:1440, Fleet:South Sea Fleet",Type 056 corvette,Jiangdao class,592,Luzhou,泸州,2014,1440,South Sea Fleet,Active
589,"Jiangdao Type 056 corvette Name: Qingyuan/清远, Commisioned:2014, Tons:1440, Fleet:South Sea Fleet",Type 056 corvette,Jiangdao class,589,Qingyuan,清远,2014,1440,South Sea Fleet,Active
591,"Jiangdao Type 056 corvette Name: Fushun/抚顺, Commisioned:2014, Tons:1440, Fleet:North Sea Fleet",Type 056 corvette,Jiangdao class,591,Fushun,抚顺,2014,1440,North Sea Fleet,Active
588,"Jiangdao Type 056 corvette Name: Quanzhou/泉州, Commisioned:2014, Tons:1440, Fleet:East Sea Fleet",Type 056 corvette,Jiangdao class,588,Quanzhou,泉州,2014,1440,East Sea Fleet,Active
595,"Jiangdao Type 056 corvette Name: Chaozhou/潮州, Commisioned:2014, Tons:1440, Fleet:East Sea Fleet",Type 056 corvette,Jiangdao class,595,Chaozhou,潮州,2014,1440,East Sea Fleet,Active
503,"Jiangdao Type 056 corvette Name: Suzhou/宿州, Commisioned:2015, Tons:1440, Fleet:East Sea Fleet",Type 056 corvette,Jiangdao class,503,Suzhou,宿州,2015,1440,East Sea Fleet,Active
501,"Jiangdao Type 056 corvette Name: Xinyang/信阳, Commisioned:2015, Tons:1440, Fleet:North Sea Fleet",Type 056 corvette,Jiangdao class,501,Xinyang,信阳,2015,1440,North Sea Fleet,Active
509,"Jiangdao Type 056 corvette Name: Huaian/淮安, Commisioned:2016, Tons:1440, Fleet:East Sea Fleet",Type 056 corvette,Jiangdao class,509,Huaian,淮安,2016,1440,East Sea Fleet,Active
512,"Jiangdao Type 056 corvette Name: Heze/菏泽, Commisioned:2016, Tons:1440, Fleet:East Sea Fleet",Type 056 corvette,Jiangdao class,512,Heze,菏泽,2016,1440,East Sea Fleet,Active
511,"Jiangdao Type 056 corvette Name: Baoding/保定, Commisioned:2016, Tons:1440, Fleet:East Sea Fleet",Type 056 corvette,Jiangdao class,511,Baoding,保定,2016,1440,East Sea Fleet,Active
510,"Jiangdao Type 056 corvette Name: Ningde/宁德, Commisioned:2016, Tons:1440, Fleet:East Sea Fleet",Type 056 corvette,Jiangdao class,510,Ningde,宁德,2016,1440,East Sea Fleet,Active
502,"Jiangdao Type 056A corvette Name: Huangshi/黄石, Commisioned:2015, Tons:1440, Fleet:North Sea Fleet",Type 056A corvette,Jiangdao class,502,Huangshi,黄石,2015,1440,North Sea Fleet,Active
593,"Jiangdao Type 056A corvette Name: Sanmenxia/三门峡, Commisioned:2014, Tons:1440, Fleet:East Sea Fleet",Type 056A corvette,Jiangdao class,593,Sanmenxia,三门峡,2014,1440,East Sea Fleet,Active
594,"Jiangdao Type 056A corvette Name: Zhuzou/株洲, Commisioned:2014, Tons:1440, Fleet:East Sea Fleet",Type 056A corvette,Jiangdao class,594,Zhuzou,株洲,2014,1440,East Sea Fleet,Active
504,"Jiangdao Type 056A corvette Name: Suqian/宿迁, Commisioned:2015, Tons:1440, Fleet:South Sea Fleet",Type 056A corvette,Jiangdao class,504,Suqian,宿迁,2015,1440,South Sea Fleet,Active
505,"Jiangdao Type 056A corvette Name: Qinhuangdao/秦皇岛, Commisioned:2015, Tons:1440, Fleet:North Sea Fleet",Type 056A corvette,Jiangdao class,505,Qinhuangdao,秦皇岛,2015,1440,North Sea Fleet,Active
506,"Jiangdao Type 056A corvette Name: Jingmen/荆门, Commisioned:2016, Tons:1440, Fleet:South Sea Fleet",Type 056A corvette,Jiangdao class,506,Jingmen,荆门,2016,1440,South Sea Fleet,Active
507,"Jiangdao Type 056A corvette Name: Tongren/铜仁, Commisioned:2016, Tons:1440, Fleet:East Sea Fleet",Type 056A corvette,Jiangdao class,507,Tongren,铜仁,2016,1440,East Sea Fleet,Active
508,"Jiangdao Type 056A corvette Name: Qujing/曲靖, Commisioned:2016, Tons:1440, Fleet:South Sea Fleet",Type 056A corvette,Jiangdao class,508,Qujing,曲靖,2016,1440,South Sea Fleet,Active
513,"Jiangdao Type 056A corvette Name: Ezhou/鄂州, Commisioned:2017, Tons:1440, Fleet:East Sea Fleet",Type 056A corvette,Jiangdao class,513,Ezhou,鄂州,2017,1440,East Sea Fleet,Active
514,"Jiangdao Type 056A corvette Name: Liupanshui/六盘水, Commisioned:2017, Tons:1440, Fleet:South Sea Fleet",Type 056A corvette,Jiangdao class,514,Liupanshui,六盘水,2017,1440,South Sea Fleet,Active
520,"Jiangdao Type 056A corvette Name: Hanzhong/汉中, Commisioned:2017, Tons:1440, Fleet:South Sea Fleet",Type 056A corvette,Jiangdao class,520,Hanzhong,汉中,2017,1440,South Sea Fleet,Active
518,"Jiangdao Type 056A corvette Name: Yiwu/义乌, Commisioned:2017, Tons:1440, Fleet:East Sea Fleet",Type 056A corvette,Jiangdao class,518,Yiwu,义乌,2017,1440,East Sea Fleet,Active
535,"Jiangdao Type 056A corvette Name: Xuancheng/宣城, Commisioned:2017, Tons:1440, Fleet:East Sea Fleet",Type 056A corvette,Jiangdao class,535,Xuancheng,宣城,2017,1440,East Sea Fleet,Active
556,"Jiangdao Type 056A corvette Name: Yichun/宜春, Commisioned:2017, Tons:1440, Fleet:East Sea Fleet",Type 056A corvette,Jiangdao class,556,Yichun,宜春,2017,1440,East Sea Fleet,Active
552,"Jiangdao Type 056A corvette Name: Guangyuan/广元, Commisioned:2017, Tons:1440, Fleet:South Sea Fleet",Type 056A corvette,Jiangdao class,552,Guangyuan,广元,2017,1440,South Sea Fleet,Active
551,"Jiangdao Type 056A corvette Name: Suining/遂宁, Commisioned:2017, Tons:1440, Fleet:South Sea Fleet",Type 056A corvette,Jiangdao class,551,Suining,遂宁,2017,1440,South Sea Fleet,Active
540,"Jiangdao Type 056A corvette Name: Wuhai/乌海, Commisioned:2018, Tons:1440, Fleet:North Sea Fleet",Type 056A corvette,Jiangdao class,540,Wuhai,乌海,2018,1440,North Sea Fleet,Active
541,"Jiangdao Type 056A corvette Name: Zhangye/张掖, Commisioned:2018, Tons:1440, Fleet:North Sea Fleet",Type 056A corvette,Jiangdao class,541,Zhangye,张掖,2018,1440,North Sea Fleet,Active
554,"Jiangdao Type 056A corvette Name: Deyang/德阳, Commisioned:2018, Tons:1440, Fleet:East Sea Fleet",Type 056A corvette,Jiangdao class,554,Deyang,德阳,2018,1440,East Sea Fleet,Active
557,"Jiangdao Type 056A corvette Name: Nanchong/南充, Commisioned:2018, Tons:1440, Fleet:South Sea Fleet",Type 056A corvette,Jiangdao class,557,Nanchong,南充,2018,1440,South Sea Fleet,Active
0,"Houbei Type 22 missile boat Name: Approx. 60 in service/, Commisioned:2004-, Tons:220, Fleet:Varies",Type 22 missile boat,Houbei class,,Approx. 60 in service,,2004-,220,Varies,Active
0,"Houxin Type 037IG missile boat Name: Approx. 9 in service/, Commisioned:1991-1999, Tons:478, Fleet:Varies",Type 037IG missile boat,Houxin class,,Approx. 9 in service,,1991-1999,478,Varies,Active
770,"Houjian Type 037II missile boat Name: Yangjiang/阳江, Commisioned:1991, Tons:520, Fleet:Hong Kong",Type 037II missile boat,Houjian class,770,Yangjiang,阳江,1991,520,Hong Kong,Active
771,"Houjian Type 037II missile boat Name: Shunde/顺德, Commisioned:1995, Tons:520, Fleet:Hong Kong",Type 037II missile boat,Houjian class,771,Shunde,顺德,1995,520,Hong Kong,Active
772,"Houjian Type 037II missile boat Name: Nanhai/南海, Commisioned:1995, Tons:520, Fleet:Hong Kong",Type 037II missile boat,Houjian class,772,Nanhai,南海,1995,520,Hong Kong,Active
773,"Houjian Type 037II missile boat Name: Panyu/番禹, Commisioned:1995, Tons:520, Fleet:Hong Kong",Type 037II missile boat,Houjian class,773,Panyu,番禹,1995,520,Hong Kong,Active
774,"Houjian Type 037II missile boat Name: Lianjiang/廉江, Commisioned:1999, Tons:520, Fleet:Hong Kong",Type 037II missile boat,Houjian class,774,Lianjiang,廉江,1999,520,Hong Kong,Active
775,"Houjian Type 037II missile boat Name: Xinhui/新会, Commisioned:1999, Tons:520, Fleet:Hong Kong",Type 037II missile boat,Houjian class,775,Xinhui,新会,1999,520,Hong Kong,Active
0,"Haiqing Type 037IS submarine chaser Name: Approx. 8 in service/, Commisioned:1982-, Tons:478, Fleet:Varies",Type 037IS submarine chaser,Haiqing class,,Approx. 8 in service,,1982-,478,Varies,Active
0,"Shanghai III Type 062I gunboat Name: Approx. 17 in service/, Commisioned:1988-, Tons:170, Fleet:Varies",Type 062I gunboat,Shanghai III class,,Approx. 17 in service,,1988-,170,Varies,Active
0,"Wochi Type 081 mine countermeasure vessel Name: Approx. 12 in service/, Commisioned:2007-, Tons:1200, Fleet:Varies",Type 081 mine countermeasure vessel,Wochi class,,Approx. 12 in service,,2007-,1200,Varies,Active
0,"Wosao Type 082 mine countermeasure vessel Name: Approx. 16 in service/, Commisioned:1988-1990s, Tons:400, Fleet:Varies",Type 082 mine countermeasure vessel,Wosao class,,Approx. 16 in service,,1988-1990s,400,Varies,Active
804,"Wozang Type 082II mine countermeasure vessel Name: Huoqiu/霍邱, Commisioned:2005, Tons:575, Fleet:Varies",Type 082II mine countermeasure vessel,Wozang class,804,Huoqiu,霍邱,2005,575,Varies,Active
818,"Wozang Type 082II mine countermeasure vessel Name: Kunshan/昆山, Commisioned:2011, Tons:575, Fleet:Varies",Type 082II mine countermeasure vessel,Wozang class,818,Kunshan,昆山,2011,575,Varies,Active
811,"Wozang Type 082II mine countermeasure vessel Name: Rongcheng/荣城, Commisioned:2016, Tons:575, Fleet:Varies",Type 082II mine countermeasure vessel,Wozang class,811,Rongcheng,荣城,2016,575,Varies,Active
814,"Wozang Type 082II mine countermeasure vessel Name: Donggang/东港, Commisioned:2016, Tons:575, Fleet:Varies",Type 082II mine countermeasure vessel,Wozang class,814,Donggang,东港,2016,575,Varies,Active
808,"Wozang Type 082II mine countermeasure vessel Name: Rudong/如东, Commisioned:2017, Tons:575, Fleet:Varies",Type 082II mine countermeasure vessel,Wozang class,808,Rudong,如东,2017,575,Varies,Active
965," Type 901 fast combat support ship Name: Hulun Lake/呼伦湖, Commisioned:2017, Tons:45000, Fleet:Varies",Type 901 fast combat support ship,,965,Hulun Lake,呼伦湖,2017,45000,Varies,Active
967," Type 901 fast combat support ship Name: Chagan Lake/查干湖, Commisioned:2018, Tons:45000, Fleet:Varies",Type 901 fast combat support ship,,967,Chagan Lake,查干湖,2018,45000,Varies,Active
962,"Dayun Type 904B general stores issue ship Name: Lugu Lake/泸沽湖, Commisioned:2015, Tons:15000, Fleet:South Sea Fleet",Type 904B general stores issue ship,Dayun class,962,Lugu Lake,泸沽湖,2015,15000,South Sea Fleet,Active
961,"Dayun Type 904B general stores issue ship Name: Junshan Lake/军山湖, Commisioned:2015, Tons:15000, Fleet:South Sea Fleet",Type 904B general stores issue ship,Dayun class,961,Junshan Lake,军山湖,2015,15000,South Sea Fleet,Active
888,"Dayun Type 904A general stores issue ship Name: Fuxian Lake/抚仙湖, Commisioned:2007, Tons:15000, Fleet:South Sea Fleet",Type 904A general stores issue ship,Dayun class,888,Fuxian Lake,抚仙湖,2007,15000,South Sea Fleet,Active
883,"Dayun Type 904 general stores issue ship Name: Dongting Lake/阳澄湖, Commisioned:1992, Tons:11000, Fleet:South Sea Fleet",Type 904 general stores issue ship,Dayun class,883,Dongting Lake,阳澄湖,1992,11000,South Sea Fleet,Active
886,"Fuchi I Type 903 replenishment ship Name: Qiandao Lake/千岛湖, Commisioned:2004, Tons:23000, Fleet:East Sea Fleet",Type 903 replenishment ship,Fuchi I class,886,Qiandao Lake,千岛湖,2004,23000,East Sea Fleet,Active
887,"Fuchi I Type 903 replenishment ship Name: Weishan Lake/微山湖, Commisioned:2004, Tons:23000, Fleet:South Sea Fleet",Type 903 replenishment ship,Fuchi I class,887,Weishan Lake,微山湖,2004,23000,South Sea Fleet,Active
889,"Fuchi II Type 903A replenishment ship Name: Tai Lake/太湖, Commisioned:2013, Tons:23000, Fleet:North Sea Fleet",Type 903A replenishment ship,Fuchi II class,889,Tai Lake,太湖,2013,23000,North Sea Fleet,Active
890,"Fuchi II Type 903A replenishment ship Name: Chao Lake/巢湖, Commisioned:2013, Tons:23000, Fleet:East Sea Fleet",Type 903A replenishment ship,Fuchi II class,890,Chao Lake,巢湖,2013,23000,East Sea Fleet,Active
960,"Fuchi II Type 903A replenishment ship Name: Dongping Lake/东平湖, Commisioned:2015, Tons:23000, Fleet:North Sea Fleet",Type 903A replenishment ship,Fuchi II class,960,Dongping Lake,东平湖,2015,23000,North Sea Fleet,Active
966,"Fuchi II Type 903A replenishment ship Name: Gaoyao Lake/高邮湖, Commisioned:2016, Tons:23000, Fleet:East Sea Fleet",Type 903A replenishment ship,Fuchi II class,966,Gaoyao Lake,高邮湖,2016,23000,East Sea Fleet,Active
963,"Fuchi II Type 903A replenishment ship Name: Hong Lake/洪湖, Commisioned:2016, Tons:23000, Fleet:South Sea Fleet",Type 903A replenishment ship,Fuchi II class,963,Hong Lake,洪湖,2016,23000,South Sea Fleet,Active
964,"Fuchi II Type 903A replenishment ship Name: Luoma Lake/骆马湖, Commisioned:2016, Tons:23000, Fleet:South Sea Fleet",Type 903A replenishment ship,Fuchi II class,964,Luoma Lake,骆马湖,2016,23000,South Sea Fleet,Active
882,"Fuqing Type 905 replenishment tanker Name: Poyang Lake/鄱阳湖, Commisioned:1982, Tons:21750, Fleet:East Sea Fleet",Type 905 replenishment tanker,Fuqing class,882,Poyang Lake,鄱阳湖,1982,21750,East Sea Fleet,Active
885,"Fusu Type 908 replenishment ship Name: Qinghai Lake/青海湖, Commisioned:1999, Tons:37000, Fleet:South Sea Fleet",Type 908 replenishment ship,Fusu class,885,Qinghai Lake,青海湖,1999,37000,South Sea Fleet,Active
